rawfile_name_R,rawfile_name,rawfile_id,sample_id,sample,run_type,DilutionConcentration,batch,ome_id,keep,timestamp
X20240721_SIA_Batch2_1010.raw,20240721_SIA_Batch2_1010.raw,998,110,1010,Sample,NA,2,2,1,27:52.4
X20240721_SIA_Batch2_1039_2.raw,20240721_SIA_Batch2_1039_2.raw,1149,334,1139.2,Sample,NA,2,2,1,45:01.0
X20240721_SIA_Batch2_1049.raw,20240721_SIA_Batch2_1049.raw,1028,148,1049,Sample,NA,2,2,1,11:13.6
X20240721_SIA_Batch2_1052.raw,20240721_SIA_Batch2_1052.raw,1029,151,1052,Sample,NA,2,2,1,26:02.8
X20240721_SIA_Batch2_1053.raw,20240721_SIA_Batch2_1053.raw,1030,152,1053,Sample,NA,2,2,1,44:23.9
X20240721_SIA_Batch2_1057.raw,20240721_SIA_Batch2_1057.raw,1114,255,1157,Sample,NA,2,2,1,25:27.6
X20240721_SIA_Batch2_1070.raw,20240721_SIA_Batch2_1070.raw,1044,169,1070,Sample,NA,2,2,1,46:11.3
X20240721_SIA_Batch2_1071.raw,20240721_SIA_Batch2_1071.raw,1045,170,1071,Sample,NA,2,2,1,43:46.7
X20240721_SIA_Batch2_1100.raw,20240721_SIA_Batch2_1100.raw,1065,199,1100,Sample,NA,2,2,1,45:36.2
X20240721_SIA_Batch2_1106_2.raw,20240721_SIA_Batch2_1106_2.raw,1153,338,1106.2,Sample,NA,2,2,1,11:50.9
X20240721_SIA_Batch2_1108.raw,20240721_SIA_Batch2_1108.raw,1072,207,1108,Sample,NA,2,2,1,01:33.7
X20240721_SIA_Batch2_1110.raw,20240721_SIA_Batch2_1110.raw,1074,209,1110,Sample,NA,2,2,1,07:39.1
X20240721_SIA_Batch2_1144.raw,20240721_SIA_Batch2_1144.raw,1102,242,1144,Sample,NA,2,2,1,26:40.0
X20240721_SIA_Batch2_1153_2.raw,20240721_SIA_Batch2_1153_2.raw,1188,373,1153.2,Sample,NA,2,2,1,08:14.1
X20240721_SIA_Batch2_1156.raw,20240721_SIA_Batch2_1156.raw,1113,254,1156,Sample,NA,2,2,1,28:27.6
X20240721_SIA_Batch2_1164_2.raw,20240721_SIA_Batch2_1164_2.raw,1193,378,1164.2,Sample,NA,2,2,1,12:28.1
X20240721_SIA_Batch2_1165.raw,20240721_SIA_Batch2_1165.raw,1122,263,1165,Sample,NA,2,2,1,02:10.9
X20240721_SIA_Batch2_1170.raw,20240721_SIA_Batch2_1170.raw,1127,268,1170,Sample,NA,2,2,1,46:48.4
X20240721_SIA_Batch2_1172_2.raw,20240721_SIA_Batch2_1172_2.raw,1195,380,1172.2,Sample,NA,2,2,1,27:17.3
X20240721_SIA_Batch2_1181.raw,20240721_SIA_Batch2_1181.raw,1138,279,1181,Sample,NA,2,2,1,24:50.4
X20240721_SIA_Batch2_1187.raw,20240721_SIA_Batch2_1187.raw,1144,285,1187,Sample,NA,2,2,1,09:26.3
X20240721_SIA_Batch2_2005_66.raw,20240721_SIA_Batch2_2005_66.raw,1197,319,2005.66,Sample,NA,2,2,1,02:46.2
X20240721_SIA_Batch2_27.raw,20240721_SIA_Batch2_27.raw,928,26,27,Sample,NA,2,2,1,59:09.4
X20240721_SIA_Batch2_28.raw,20240721_SIA_Batch2_28.raw,929,27,28,Sample,NA,2,2,1,29:03.0
X20240721_SIA_Batch2_40.raw,20240721_SIA_Batch2_40.raw,937,39,40,Sample,NA,2,2,1,42:02.9
X20240721_SIA_Batch2_57.raw,20240721_SIA_Batch2_57.raw,950,56,57,Sample,NA,2,2,1,00:56.8
X20240721_SIA_Batch2_65.raw,20240721_SIA_Batch2_65.raw,956,63,65,Sample,NA,2,2,1,13:03.3
X20240721_SIA_Batch2_93.raw,20240721_SIA_Batch2_93.raw,980,91,93,Sample,NA,2,2,1,10:03.4
X20240721_SIA_Batch2_Control_rep1.raw,20240721_SIA_Batch2_Control_rep1.raw,1209,-1,Blank,QcRep,NA,2,2,1,03:58.4
X20240721_SIA_Batch2_Control_rep2.raw,20240721_SIA_Batch2_Control_rep2.raw,1219,-1,Blank,QcRep,NA,2,2,1,47:58.8
X20240721_SIA_Batch2_Control_rep3.raw,20240721_SIA_Batch2_Control_rep3.raw,1229,-1,Blank,QcRep,NA,2,2,1,30:50.5
X20240721_SIA_Batch2_Control_rep4.raw,20240721_SIA_Batch2_Control_rep4.raw,1239,-1,Blank,QcRep,NA,2,2,1,13:38.4
X20240721_SIA_Batch2_Control_rep5.raw,20240721_SIA_Batch2_Control_rep5.raw,1249,-1,Blank,QcRep,NA,2,2,1,05:53.6
X20240721_SIA_Batch2_H2.raw,20240721_SIA_Batch2_H2.raw,1277,289,H2,Sample,NA,2,2,1,59:44.6
X20240721_SIA_Batch2_H26.raw,20240721_SIA_Batch2_H26.raw,1284,313,H26,Sample,NA,2,2,1,47:23.7
X20240721_SIA_Batch2_H5.raw,20240721_SIA_Batch2_H5.raw,1287,292,H5,Sample,NA,2,2,1,42:36.3
X20240721_SIA_Batch2_NC14.raw,20240721_SIA_Batch2_NC14.raw,1293,394,NC14,Sample,NA,2,2,1,43:11.5
X20240723_SIA_Batch3_1011.raw,20240723_SIA_Batch3_1011.raw,999,111,1011,Sample,NA,3,2,1,17:07.8
X20240723_SIA_Batch3_1014.raw,20240723_SIA_Batch3_1014.raw,1001,114,1014,Sample,NA,3,2,1,33:49.2
X20240723_SIA_Batch3_1033.raw,20240723_SIA_Batch3_1033.raw,1016,133,1033,Sample,NA,3,2,1,33:14.1
X20240723_SIA_Batch3_1040_2.raw,20240723_SIA_Batch3_1040_2.raw,1150,335,1140.2,Sample,NA,3,2,1,00:33.2
X20240723_SIA_Batch3_1072.raw,20240723_SIA_Batch3_1072.raw,1046,171,1072,Sample,NA,3,2,1,51:28.8
X20240723_SIA_Batch3_1098.raw,20240723_SIA_Batch3_1098.raw,1063,197,1098,Sample,NA,3,2,1,35:34.8
X20240723_SIA_Batch3_1107.raw,20240723_SIA_Batch3_1107.raw,1071,206,1107,Sample,NA,3,2,1,36:45.2
X20240723_SIA_Batch3_1108_2.raw,20240723_SIA_Batch3_1108_2.raw,1155,340,1108.2,Sample,NA,3,2,1,52:36.9
X20240723_SIA_Batch3_1115.raw,20240723_SIA_Batch3_1115.raw,1077,214,1115,Sample,NA,3,2,1,NA
X20240723_SIA_Batch3_1117.raw,20240723_SIA_Batch3_1117.raw,1079,216,1117,Sample,NA,3,2,1,18:55.2
X20240723_SIA_Batch3_1119_2.raw,20240723_SIA_Batch3_1119_2.raw,1165,350,1119.2,Sample,NA,3,2,1,49:43.2
X20240723_SIA_Batch3_1122.raw,20240723_SIA_Batch3_1122.raw,1084,221,1122,Sample,NA,3,2,1,59:56.0
X20240723_SIA_Batch3_1124.raw,20240723_SIA_Batch3_1124.raw,1085,223,1124,Sample,NA,3,2,1,32:37.0
X20240723_SIA_Batch3_1129_2.raw,20240723_SIA_Batch3_1129_2.raw,1172,357,1129.2,Sample,NA,3,2,1,01:08.5
X20240723_SIA_Batch3_1133.raw,20240723_SIA_Batch3_1133.raw,1094,232,1133,Sample,NA,3,2,1,31:59.8
X20240723_SIA_Batch3_1143.raw,20240723_SIA_Batch3_1143.raw,1101,241,1143,Sample,NA,3,2,1,02:57.6
X20240723_SIA_Batch3_1143_2.raw,20240723_SIA_Batch3_1143_2.raw,1180,365,1143.2,Sample,NA,3,2,1,18:20.0
X20240723_SIA_Batch3_1161.raw,20240723_SIA_Batch3_1161.raw,1118,259,1161,Sample,NA,3,2,1,19:30.5
X20240723_SIA_Batch3_1172.raw,20240723_SIA_Batch3_1172.raw,1129,270,1172,Sample,NA,3,2,1,50:20.4
X20240723_SIA_Batch3_1182.raw,20240723_SIA_Batch3_1182.raw,1139,280,1182,Sample,NA,3,2,1,16:32.7
X20240723_SIA_Batch3_14.raw,20240723_SIA_Batch3_14.raw,916,13,14,Sample,NA,3,2,1,34:24.4
X20240723_SIA_Batch3_2018_67.raw,20240723_SIA_Batch3_2018_67.raw,1207,330,2018.67,Sample,NA,3,2,1,15:22.3
X20240723_SIA_Batch3_44.raw,20240723_SIA_Batch3_44.raw,940,43,44,Sample,NA,3,2,1,01:43.3
X20240723_SIA_Batch3_48.raw,20240723_SIA_Batch3_48.raw,942,47,48,Sample,NA,3,2,1,34:59.5
X20240723_SIA_Batch3_67.raw,20240723_SIA_Batch3_67.raw,958,65,67,Sample,NA,3,2,1,15:57.4
X20240723_SIA_Batch3_68.raw,20240723_SIA_Batch3_68.raw,959,66,68,Sample,NA,3,2,1,02:20.6
X20240723_SIA_Batch3_72.raw,20240723_SIA_Batch3_72.raw,963,70,72,Sample,NA,3,2,1,59:20.8
X20240723_SIA_Batch3_82.raw,20240723_SIA_Batch3_82.raw,970,80,82,Sample,NA,3,2,1,52:01.8
X20240723_SIA_Batch3_88.raw,20240723_SIA_Batch3_88.raw,975,86,88,Sample,NA,3,2,1,48:32.6
X20240723_SIA_Batch3_99.raw,20240723_SIA_Batch3_99.raw,984,97,99,Sample,NA,3,2,1,03:32.8
X20240723_SIA_Batch3_Control_rep1.raw,20240723_SIA_Batch3_Control_rep1.raw,1210,-1,Blank,QcRep,NA,3,2,1,53:47.2
X20240723_SIA_Batch3_Control_rep2.raw,20240723_SIA_Batch3_Control_rep2.raw,1220,-1,Blank,QcRep,NA,3,2,1,37:22.1
X20240723_SIA_Batch3_Control_rep3.raw,20240723_SIA_Batch3_Control_rep3.raw,1230,-1,Blank,QcRep,NA,3,2,1,20:40.8
X20240723_SIA_Batch3_Control_rep4.raw,20240723_SIA_Batch3_Control_rep4.raw,1240,-1,Blank,QcRep,NA,3,2,1,04:08.0
X20240723_SIA_Batch3_Control_rep5.raw,20240723_SIA_Batch3_Control_rep5.raw,1250,-1,Blank,QcRep,NA,3,2,1,57:29.6
X20240723_SIA_Batch3_H12.raw,20240723_SIA_Batch3_H12.raw,1270,299,H12,Sample,NA,3,2,1,50:53.7
X20240723_SIA_Batch3_H13.raw,20240723_SIA_Batch3_H13.raw,1271,300,H13,Sample,NA,3,2,1,49:08.0
X20240723_SIA_Batch3_NC17.raw,20240723_SIA_Batch3_NC17.raw,1296,397,NC17,Sample,NA,3,2,1,36:10.1
X20240723_SIA_Batch3_NC5.raw,20240723_SIA_Batch3_NC5.raw,1302,385,NC5,Sample,NA,3,2,1,17:42.9
X20240725_SIA_Batch4_1005.raw,20240725_SIA_Batch4_1005.raw,993,105,1005,Sample,NA,4,2,1,41:45.3
X20240725_SIA_Batch4_1055.raw,20240725_SIA_Batch4_1055.raw,1032,154,1055,Sample,NA,4,2,1,56:14.0
X20240725_SIA_Batch4_1067.raw,20240725_SIA_Batch4_1067.raw,1041,166,1067,Sample,NA,4,2,1,25:14.7
X20240725_SIA_Batch4_1084.raw,20240725_SIA_Batch4_1084.raw,1053,183,1084,Sample,NA,4,2,1,41:08.2
X20240725_SIA_Batch4_1105.raw,20240725_SIA_Batch4_1105.raw,1069,204,1105,Sample,NA,4,2,1,NA
X20240725_SIA_Batch4_1106.raw,20240725_SIA_Batch4_1106.raw,1070,205,1106,Sample,NA,4,2,1,11:40.0
X20240725_SIA_Batch4_1130_2.raw,20240725_SIA_Batch4_1130_2.raw,1173,358,1130.2,Sample,NA,4,2,1,44:09.2
X20240725_SIA_Batch4_1131.raw,20240725_SIA_Batch4_1131.raw,1092,230,1131,Sample,NA,4,2,1,55:01.9
X20240725_SIA_Batch4_1132.raw,20240725_SIA_Batch4_1132.raw,1093,231,1132,Sample,NA,4,2,1,12:15.0
X20240725_SIA_Batch4_1136_2.raw,20240725_SIA_Batch4_1136_2.raw,1175,360,1136.2,Sample,NA,4,2,1,40:33.0
X20240725_SIA_Batch4_1139.raw,20240725_SIA_Batch4_1139.raw,1098,237,1139,Sample,NA,4,2,1,56:49.1
X20240725_SIA_Batch4_1148.raw,20240725_SIA_Batch4_1148.raw,1106,246,1148,Sample,NA,4,2,1,10:27.6
X20240725_SIA_Batch4_1151_2.raw,20240725_SIA_Batch4_1151_2.raw,1186,371,1151.2,Sample,NA,4,2,1,11:02.8
X20240725_SIA_Batch4_1153.raw,20240725_SIA_Batch4_1153.raw,1110,251,1153,Sample,NA,4,2,1,43:32.2
X20240725_SIA_Batch4_1160_2.raw,20240725_SIA_Batch4_1160_2.raw,1191,376,1160.2,Sample,NA,4,2,1,28:47.9
X20240725_SIA_Batch4_1169_2.raw,20240725_SIA_Batch4_1169_2.raw,1194,379,1169.2,Sample,NA,4,2,1,27:37.4
X20240725_SIA_Batch4_1171.raw,20240725_SIA_Batch4_1171.raw,1128,269,1171,Sample,NA,4,2,1,42:57.3
X20240725_SIA_Batch4_1173.raw,20240725_SIA_Batch4_1173.raw,1130,271,1173,Sample,NA,4,2,1,09:50.4
X20240725_SIA_Batch4_1185.raw,20240725_SIA_Batch4_1185.raw,1142,283,1185,Sample,NA,4,2,1,55:38.9
X20240725_SIA_Batch4_1186.raw,20240725_SIA_Batch4_1186.raw,1143,284,1186,Sample,NA,4,2,1,52:36.9
X20240725_SIA_Batch4_17.raw,20240725_SIA_Batch4_17.raw,919,16,17,Sample,NA,4,2,1,28:12.7
X20240725_SIA_Batch4_20.raw,20240725_SIA_Batch4_20.raw,922,19,20,Sample,NA,4,2,1,08:36.4
X20240725_SIA_Batch4_2006_95.raw,20240725_SIA_Batch4_2006_95.raw,1198,320,2006.95,Sample,NA,4,2,1,27:02.2
X20240725_SIA_Batch4_3.raw,20240725_SIA_Batch4_3.raw,909,3,3,Sample,NA,4,2,1,54:24.6
X20240725_SIA_Batch4_60.raw,20240725_SIA_Batch4_60.raw,952,58,60,Sample,NA,4,2,1,12:50.2
X20240725_SIA_Batch4_79.raw,20240725_SIA_Batch4_79.raw,968,77,79,Sample,NA,4,2,1,09:13.4
X20240725_SIA_Batch4_97.raw,20240725_SIA_Batch4_97.raw,982,95,97,Sample,NA,4,2,1,25:49.9
X20240725_SIA_Batch4_Control_rep1.raw,20240725_SIA_Batch4_Control_rep1.raw,1211,-1,Blank,QcRep,NA,4,2,1,45:21.5
X20240725_SIA_Batch4_Control_rep2.raw,20240725_SIA_Batch4_Control_rep2.raw,1221,-1,Blank,QcRep,NA,4,2,1,29:24.9
X20240725_SIA_Batch4_Control_rep3.raw,20240725_SIA_Batch4_Control_rep3.raw,1231,-1,Blank,QcRep,NA,4,2,1,14:04.2
X20240725_SIA_Batch4_Control_rep4.raw,20240725_SIA_Batch4_Control_rep4.raw,1241,-1,Blank,QcRep,NA,4,2,1,57:26.2
X20240725_SIA_Batch4_Control_rep5.raw,20240725_SIA_Batch4_Control_rep5.raw,1251,-1,Blank,QcRep,NA,4,2,1,50:51.4
X20240725_SIA_Batch4_H1.raw,20240725_SIA_Batch4_H1.raw,1267,288,H1,Sample,NA,4,2,1,26:24.9
X20240725_SIA_Batch4_H24.raw,20240725_SIA_Batch4_H24.raw,1282,311,H24,Sample,NA,4,2,1,42:22.2
X20240725_SIA_Batch4_NC11.raw,20240725_SIA_Batch4_NC11.raw,1292,391,NC11,Sample,NA,4,2,1,53:47.2
X20240725_SIA_Batch4_NC15.raw,20240725_SIA_Batch4_NC15.raw,1294,395,NC15,Sample,NA,4,2,1,53:12.1
X20240727_SIA_Batch5_1.raw,20240727_SIA_Batch5_1.raw,907,1,1,Sample,NA,5,2,1,31:51.3
X20240727_SIA_Batch5_1007.raw,20240727_SIA_Batch5_1007.raw,995,107,1007,Sample,NA,5,2,1,05:54.4
X20240727_SIA_Batch5_1012.raw,20240727_SIA_Batch5_1012.raw,1000,112,1012,Sample,NA,5,2,1,27:45.3
X20240727_SIA_Batch5_1025.raw,20240727_SIA_Batch5_1025.raw,1008,125,1025,Sample,NA,5,2,1,30:05.9
X20240727_SIA_Batch5_1046.raw,20240727_SIA_Batch5_1046.raw,1025,145,1046,Sample,NA,5,2,1,32:26.4
X20240727_SIA_Batch5_1047.raw,20240727_SIA_Batch5_1047.raw,1026,146,1047,Sample,NA,5,2,1,14:47.5
X20240727_SIA_Batch5_1068.raw,20240727_SIA_Batch5_1068.raw,1042,167,1068,Sample,NA,5,2,1,06:29.6
X20240727_SIA_Batch5_1073.raw,20240727_SIA_Batch5_1073.raw,1047,172,1073,Sample,NA,5,2,1,48:21.6
X20240727_SIA_Batch5_1076.raw,20240727_SIA_Batch5_1076.raw,1049,175,1076,Sample,NA,5,2,1,15:22.7
X20240727_SIA_Batch5_1089.raw,20240727_SIA_Batch5_1089.raw,1057,188,1089,Sample,NA,5,2,1,13:37.4
X20240727_SIA_Batch5_1112.raw,20240727_SIA_Batch5_1112.raw,1075,211,1112,Sample,NA,5,2,1,29:32.9
X20240727_SIA_Batch5_1120.raw,20240727_SIA_Batch5_1120.raw,1082,219,1120,Sample,NA,5,2,1,31:16.3
X20240727_SIA_Batch5_1122_2.raw,20240727_SIA_Batch5_1122_2.raw,1167,352,1122.2,Sample,NA,5,2,1,12:26.9
X20240727_SIA_Batch5_1125_2.raw,20240727_SIA_Batch5_1125_2.raw,1169,354,1125.2,Sample,NA,5,2,1,27:10.3
X20240727_SIA_Batch5_1127.raw,20240727_SIA_Batch5_1127.raw,1088,226,1127,Sample,NA,5,2,1,44:49.1
X20240727_SIA_Batch5_1144_2.raw,20240727_SIA_Batch5_1144_2.raw,1181,366,1144.2,Sample,NA,5,2,1,49:31.9
X20240727_SIA_Batch5_1145.raw,20240727_SIA_Batch5_1145.raw,1103,243,1145,Sample,NA,5,2,1,10:41.5
X20240727_SIA_Batch5_1146.raw,20240727_SIA_Batch5_1146.raw,1104,244,1146,Sample,NA,5,2,1,04:09.1
X20240727_SIA_Batch5_1147_2.raw,20240727_SIA_Batch5_1147_2.raw,1183,368,1147.2,Sample,NA,5,2,1,02:25.5
X20240727_SIA_Batch5_1149_2.raw,20240727_SIA_Batch5_1149_2.raw,1185,370,1149.2,Sample,NA,5,2,1,47:46.6
X20240727_SIA_Batch5_1160.raw,20240727_SIA_Batch5_1160.raw,1117,258,1160,Sample,NA,5,2,1,11:51.7
X20240727_SIA_Batch5_1166.raw,20240727_SIA_Batch5_1166.raw,1123,264,1166,Sample,NA,5,2,1,14:12.4
X20240727_SIA_Batch5_1178.raw,20240727_SIA_Batch5_1178.raw,1135,276,1178,Sample,NA,5,2,1,47:11.5
X20240727_SIA_Batch5_1179.raw,20240727_SIA_Batch5_1179.raw,1136,277,1179,Sample,NA,5,2,1,01:48.4
X20240727_SIA_Batch5_1189.raw,20240727_SIA_Batch5_1189.raw,1146,287,1189,Sample,NA,5,2,1,46:34.4
X20240727_SIA_Batch5_2003_16.raw,20240727_SIA_Batch5_2003_16.raw,1196,317,2003.16,Sample,NA,5,2,1,11:16.7
X20240727_SIA_Batch5_2008_53.raw,20240727_SIA_Batch5_2008_53.raw,1199,322,2008.53,Sample,NA,5,2,1,30:39.0
X20240727_SIA_Batch5_31.raw,20240727_SIA_Batch5_31.raw,931,30,31,Sample,NA,5,2,1,48:56.8
X20240727_SIA_Batch5_34.raw,20240727_SIA_Batch5_34.raw,934,33,34,Sample,NA,5,2,1,45:59.5
X20240727_SIA_Batch5_4.raw,20240727_SIA_Batch5_4.raw,910,4,4,Sample,NA,5,2,1,03:33.9
X20240727_SIA_Batch5_52.raw,20240727_SIA_Batch5_52.raw,946,51,52,Sample,NA,5,2,1,28:22.3
X20240727_SIA_Batch5_63.raw,20240727_SIA_Batch5_63.raw,954,61,63,Sample,NA,5,2,1,05:19.3
X20240727_SIA_Batch5_74.raw,20240727_SIA_Batch5_74.raw,965,72,74,Sample,NA,5,2,1,03:00.7
X20240727_SIA_Batch5_80.raw,20240727_SIA_Batch5_80.raw,969,78,80,Sample,NA,5,2,1,45:24.4
X20240727_SIA_Batch5_85.raw,20240727_SIA_Batch5_85.raw,972,83,85,Sample,NA,5,2,1,28:57.6
X20240727_SIA_Batch5_Control_rep1.raw,20240727_SIA_Batch5_Control_rep1.raw,1212,-1,Blank,QcRep,NA,5,2,1,07:04.5
X20240727_SIA_Batch5_Control_rep2.raw,20240727_SIA_Batch5_Control_rep2.raw,1222,-1,Blank,QcRep,NA,5,2,1,50:42.0
X20240727_SIA_Batch5_Control_rep3.raw,20240727_SIA_Batch5_Control_rep3.raw,1232,-1,Blank,QcRep,NA,5,2,1,33:38.9
X20240727_SIA_Batch5_Control_rep4.raw,20240727_SIA_Batch5_Control_rep4.raw,1242,-1,Blank,QcRep,NA,5,2,1,15:57.8
X20240727_SIA_Batch5_Control_rep5.raw,20240727_SIA_Batch5_Control_rep5.raw,1252,-1,Blank,QcRep,NA,5,2,1,08:56.0
X20240727_SIA_Batch5_H20.raw,20240727_SIA_Batch5_H20.raw,1278,307,H20,Sample,NA,5,2,1,50:06.9
X20240727_SIA_Batch5_H3.raw,20240727_SIA_Batch5_H3.raw,1286,290,H3,Sample,NA,5,2,1,13:02.2
X20240727_SIA_Batch5_NC4.raw,20240727_SIA_Batch5_NC4.raw,1301,384,NC4,Sample,NA,5,2,1,04:44.1
X20240729_SIA_Batch6_1008.raw,20240729_SIA_Batch6_1008.raw,996,108,1008,Sample,NA,6,2,1,40:20.6
X20240729_SIA_Batch6_1034.raw,20240729_SIA_Batch6_1034.raw,1017,134,1034,Sample,NA,6,2,1,06:50.4
X20240729_SIA_Batch6_1036.raw,20240729_SIA_Batch6_1036.raw,1019,136,1036,Sample,NA,6,2,1,06:15.4
X20240729_SIA_Batch6_1039.raw,20240729_SIA_Batch6_1039.raw,1021,139,1039,Sample,NA,6,2,1,21:35.5
X20240729_SIA_Batch6_1085.raw,20240729_SIA_Batch6_1085.raw,1054,184,1085,Sample,NA,6,2,1,49:09.3
X20240729_SIA_Batch6_1099.raw,20240729_SIA_Batch6_1099.raw,1064,198,1099,Sample,NA,6,2,1,52:05.0
X20240729_SIA_Batch6_1110_2.raw,20240729_SIA_Batch6_1110_2.raw,1157,342,1110.2,Sample,NA,6,2,1,25:39.5
X20240729_SIA_Batch6_1119.raw,20240729_SIA_Batch6_1119.raw,1081,218,1119,Sample,NA,6,2,1,24:29.1
X20240729_SIA_Batch6_1125.raw,20240729_SIA_Batch6_1125.raw,1086,224,1125,Sample,NA,6,2,1,23:20.9
X20240729_SIA_Batch6_1128.raw,20240729_SIA_Batch6_1128.raw,1089,227,1128,Sample,NA,6,2,1,39:10.2
X20240729_SIA_Batch6_1129.raw,20240729_SIA_Batch6_1129.raw,1090,228,1129,Sample,NA,6,2,1,04:28.1
X20240729_SIA_Batch6_1135_2.raw,20240729_SIA_Batch6_1135_2.raw,1174,359,1135.2,Sample,NA,6,2,1,50:21.7
X20240729_SIA_Batch6_1138_2.raw,20240729_SIA_Batch6_1138_2.raw,1177,362,1138.2,Sample,NA,6,2,1,52:42.3
X20240729_SIA_Batch6_1141_2.raw,20240729_SIA_Batch6_1141_2.raw,1178,363,1141.2,Sample,NA,6,2,1,20:58.4
X20240729_SIA_Batch6_1148_2.raw,20240729_SIA_Batch6_1148_2.raw,1184,369,1148.2,Sample,NA,6,2,1,48:34.0
X20240729_SIA_Batch6_1150.raw,20240729_SIA_Batch6_1150.raw,1108,248,1150,Sample,NA,6,2,1,22:10.5
X20240729_SIA_Batch6_1158.raw,20240729_SIA_Batch6_1158.raw,1115,256,1158,Sample,NA,6,2,1,25:04.3
X20240729_SIA_Batch6_1167.raw,20240729_SIA_Batch6_1167.raw,1124,265,1167,Sample,NA,6,2,1,37:25.0
X20240729_SIA_Batch6_1183.raw,20240729_SIA_Batch6_1183.raw,1140,281,1183,Sample,NA,6,2,1,23:54.1
X20240729_SIA_Batch6_16.raw,20240729_SIA_Batch6_16.raw,918,15,16,Sample,NA,6,2,0; low extracted volume,49:46.4
X20240729_SIA_Batch6_2009_56.raw,20240729_SIA_Batch6_2009_56.raw,1200,323,2009.56,Sample,NA,6,2,1,38:00.1
X20240729_SIA_Batch6_2011_101.raw,20240729_SIA_Batch6_2011_101.raw,1202,325,2011.101,Sample,NA,6,2,1,39:45.4
X20240729_SIA_Batch6_22.raw,20240729_SIA_Batch6_22.raw,924,21,22,Sample,NA,6,2,1,22:45.6
X20240729_SIA_Batch6_42.raw,20240729_SIA_Batch6_42.raw,938,41,42,Sample,NA,6,2,1,40:55.8
X20240729_SIA_Batch6_51.raw,20240729_SIA_Batch6_51.raw,945,50,51,Sample,NA,6,2,1,05:40.4
X20240729_SIA_Batch6_54.raw,20240729_SIA_Batch6_54.raw,947,53,54,Sample,NA,6,2,1,51:29.8
X20240729_SIA_Batch6_58.raw,20240729_SIA_Batch6_58.raw,951,57,58,Sample,NA,6,2,0;  low extracted volume,41:30.8
X20240729_SIA_Batch6_8.raw,20240729_SIA_Batch6_8.raw,913,8,8,Sample,NA,6,2,1,38:35.3
X20240729_SIA_Batch6_86.raw,20240729_SIA_Batch6_86.raw,973,84,86,Sample,NA,6,2,1,07:25.6
X20240729_SIA_Batch6_Control_rep1.raw,20240729_SIA_Batch6_Control_rep1.raw,1213,-1,Blank,QcRep,NA,6,2,1,42:06.1
X20240729_SIA_Batch6_Control_rep2.raw,20240729_SIA_Batch6_Control_rep2.raw,1223,-1,Blank,QcRep,NA,6,2,1,26:14.8
X20240729_SIA_Batch6_Control_rep3.raw,20240729_SIA_Batch6_Control_rep3.raw,1233,-1,Blank,QcRep,NA,6,2,1,09:11.1
X20240729_SIA_Batch6_Control_Rep4.raw,20240729_SIA_Batch6_Control_Rep4.raw,1243,-1,Blank,QcRep,NA,6,2,1,53:17.4
X20240729_SIA_Batch6_Control_rep5.raw,20240729_SIA_Batch6_Control_rep5.raw,1253,-1,Blank,QcRep,NA,6,2,1,46:11.8
X20240729_SIA_Batch6_Dilution_0p125x.raw,20240729_SIA_Batch6_Dilution_0p125x.raw,1259,-1,Blank,QcDilution,12.5,6,2,1,56:11.9
X20240729_SIA_Batch6_Dilution_0p25x.raw,20240729_SIA_Batch6_Dilution_0p25x.raw,1260,-1,Blank,QcDilution,25,6,2,1,55:36.8
X20240729_SIA_Batch6_Dilution_0p5x.raw,20240729_SIA_Batch6_Dilution_0p5x.raw,1261,-1,Blank,QcDilution,50,6,2,1,55:01.8
X20240729_SIA_Batch6_Dilution_0p75x.raw,20240729_SIA_Batch6_Dilution_0p75x.raw,1262,-1,Blank,QcDilution,75,6,2,1,54:26.6
X20240729_SIA_Batch6_Dilution_0x.raw,20240729_SIA_Batch6_Dilution_0x.raw,1263,-1,Blank,QcDilution,1,6,2,1,56:49.2
X20240729_SIA_Batch6_Dilution_1x.raw,20240729_SIA_Batch6_Dilution_1x.raw,1264,-1,Blank,QcDilution,100,6,2,1,53:49.5
X20240729_SIA_Batch6_ExtractionBlank_rep2.raw,20240729_SIA_Batch6_ExtractionBlank_rep2.raw,1265,-1,Blank,SamplePrepBlank,NA,6,2,1,46:47.0
X20240729_SIA_Batch6_H23.raw,20240729_SIA_Batch6_H23.raw,1281,310,H23,Sample,NA,6,2,1,05:05.0
X20240729_SIA_Batch6_H9.raw,20240729_SIA_Batch6_H9.raw,1290,296,H9,Sample,NA,6,2,1,50:54.7
X20240729_SIA_Batch6_NC3.raw,20240729_SIA_Batch6_NC3.raw,1300,383,NC3,Sample,NA,6,2,1,08:00.8
X20240729_SIA_Batch6_PooledControl_rep1.raw,20240729_SIA_Batch6_PooledControl_rep1.raw,1307,-1,Blank,QcRep,NA,6,2,1,53:14.6
X20240801_SIA_Batch7_1004.raw,20240801_SIA_Batch7_1004.raw,992,104,1004,Sample,NA,7,2,1,12:21.7
X20240801_SIA_Batch7_1027.raw,20240801_SIA_Batch7_1027.raw,1009,127,1027,Sample,NA,7,2,1,31:11.6
X20240801_SIA_Batch7_1031.raw,20240801_SIA_Batch7_1031.raw,1014,131,1031,Sample,NA,7,2,1,56:26.3
X20240801_SIA_Batch7_1043.raw,20240801_SIA_Batch7_1043.raw,1023,143,1043,Sample,NA,7,2,1,28:48.8
X20240801_SIA_Batch7_1050_2.raw,20240801_SIA_Batch7_1050_2.raw,1151,336,1150.2,Sample,NA,7,2,1,31:44.6
X20240801_SIA_Batch7_1054.raw,20240801_SIA_Batch7_1054.raw,1031,153,1054,Sample,NA,7,2,1,15:19.6
X20240801_SIA_Batch7_1060.raw,20240801_SIA_Batch7_1060.raw,1036,159,1060,Sample,NA,7,2,1,57:38.6
X20240801_SIA_Batch7_1078.raw,20240801_SIA_Batch7_1078.raw,1050,177,1078,Sample,NA,7,2,1,55:51.1
X20240801_SIA_Batch7_1094.raw,20240801_SIA_Batch7_1094.raw,1060,193,1094,Sample,NA,7,2,1,32:19.7
X20240801_SIA_Batch7_1097.raw,20240801_SIA_Batch7_1097.raw,1062,196,1097,Sample,NA,7,2,1,33:32.1
X20240801_SIA_Batch7_1105_2.raw,20240801_SIA_Batch7_1105_2.raw,1152,337,1105.2,Sample,NA,7,2,1,30:36.4
X20240801_SIA_Batch7_1112_2.raw,20240801_SIA_Batch7_1112_2.raw,1159,344,1112.2,Sample,NA,7,2,1,06:07.7
X20240801_SIA_Batch7_1118_2.raw,20240801_SIA_Batch7_1118_2.raw,1164,349,1118.2,Sample,NA,7,2,1,17:07.1
X20240801_SIA_Batch7_1135.raw,20240801_SIA_Batch7_1135.raw,1095,233,1135,Sample,NA,7,2,1,03:44.9
X20240801_SIA_Batch7_1136.raw,20240801_SIA_Batch7_1136.raw,1096,234,1136,Sample,NA,7,2,1,03:11.9
X20240801_SIA_Batch7_1141.raw,20240801_SIA_Batch7_1141.raw,1100,239,1141,Sample,NA,7,2,1,59:23.9
X20240801_SIA_Batch7_1142_2.raw,20240801_SIA_Batch7_1142_2.raw,1179,364,1142.2,Sample,NA,7,2,1,13:32.1
X20240801_SIA_Batch7_1147.raw,20240801_SIA_Batch7_1147.raw,1105,245,1147,Sample,NA,7,2,1,15:54.7
X20240801_SIA_Batch7_1154.raw,20240801_SIA_Batch7_1154.raw,1111,252,1154,Sample,NA,7,2,1,14:44.4
X20240801_SIA_Batch7_1168.raw,20240801_SIA_Batch7_1168.raw,1125,266,1168,Sample,NA,7,2,1,04:57.1
X20240801_SIA_Batch7_1169.raw,20240801_SIA_Batch7_1169.raw,1126,267,1169,Sample,NA,7,2,1,14:09.3
X20240801_SIA_Batch7_1175.raw,20240801_SIA_Batch7_1175.raw,1132,273,1175,Sample,NA,7,2,1,58:13.8
X20240801_SIA_Batch7_1180.raw,20240801_SIA_Batch7_1180.raw,1137,278,1180,Sample,NA,7,2,1,32:56.9
X20240801_SIA_Batch7_2.raw,20240801_SIA_Batch7_2.raw,908,2,2,Sample,NA,7,2,0;  low extracted volume,04:20.0
X20240801_SIA_Batch7_2010_11.raw,20240801_SIA_Batch7_2010_11.raw,1201,324,2010.11,Sample,NA,7,2,1,05:32.3
X20240801_SIA_Batch7_2019_61.raw,20240801_SIA_Batch7_2019_61.raw,1208,331,2019.61,Sample,NA,7,2,1,29:59.3
X20240801_SIA_Batch7_21.raw,20240801_SIA_Batch7_21.raw,923,20,21,Sample,NA,7,2,1,12:57.1
X20240801_SIA_Batch7_32.raw,20240801_SIA_Batch7_32.raw,932,31,32,Sample,NA,7,2,1,02:01.6
X20240801_SIA_Batch7_45.raw,20240801_SIA_Batch7_45.raw,941,44,45,Sample,NA,7,2,1,57:03.4
X20240801_SIA_Batch7_6.raw,20240801_SIA_Batch7_6.raw,912,6,6,Sample,NA,7,2,1,16:31.7
X20240801_SIA_Batch7_76.raw,20240801_SIA_Batch7_76.raw,966,74,76,Sample,NA,7,2,1,55:15.9
X20240801_SIA_Batch7_89.raw,20240801_SIA_Batch7_89.raw,976,87,89,Sample,NA,7,2,1,58:48.9
X20240801_SIA_Batch7_Control_rep1.raw,20240801_SIA_Batch7_Control_rep1.raw,1214,-1,Blank,QcRep,NA,7,2,1,34:09.2
X20240801_SIA_Batch7_Control_rep2.raw,20240801_SIA_Batch7_Control_rep2.raw,1224,-1,Blank,QcRep,NA,7,2,1,17:42.2
X20240801_SIA_Batch7_Control_rep3.raw,20240801_SIA_Batch7_Control_rep3.raw,1234,-1,Blank,QcRep,NA,7,2,1,01:11.4
X20240801_SIA_Batch7_Control_rep4.raw,20240801_SIA_Batch7_Control_rep4.raw,1244,-1,Blank,QcRep,NA,7,2,1,07:18.0
X20240801_SIA_Batch7_Control_rep5.raw,20240801_SIA_Batch7_Control_rep5.raw,1254,-1,Blank,QcRep,NA,7,2,1,00:12.2
X20240801_SIA_Batch7_H19.raw,20240801_SIA_Batch7_H19.raw,1276,306,H19,Sample,NA,7,2,1,00:00.9
X20240801_SIA_Batch7_H27.raw,20240801_SIA_Batch7_H27.raw,1285,314,H27,Sample,NA,7,2,1,02:36.7
X20240801_SIA_Batch7_NC20.raw,20240801_SIA_Batch7_NC20.raw,1299,400,NC20,Sample,NA,7,2,1,29:24.0
X20240801_SIA_Batch7_NC8.raw,20240801_SIA_Batch7_NC8.raw,1305,388,NC8,Sample,NA,7,2,1,06:42.9
X20240803_SIA_Batch8_101.raw,20240803_SIA_Batch8_101.raw,987,99,101,Sample,NA,8,2,1,31:35.8
X20240803_SIA_Batch8_1015.raw,20240803_SIA_Batch8_1015.raw,1002,115,1015,Sample,NA,8,2,1,12:09.6
X20240803_SIA_Batch8_1032_2.raw,20240803_SIA_Batch8_1032_2.raw,1147,332,1132.2,Sample,NA,8,2,1,13:53.2
X20240803_SIA_Batch8_1034_2.raw,20240803_SIA_Batch8_1034_2.raw,1148,333,1134.2,Sample,NA,8,2,1,59:13.6
X20240803_SIA_Batch8_1035.raw,20240803_SIA_Batch8_1035.raw,1018,135,1035,Sample,NA,8,2,1,00:21.9
X20240803_SIA_Batch8_1057.raw,20240803_SIA_Batch8_1057.raw,1033,156,1057,Sample,NA,8,2,1,29:48.4
X20240803_SIA_Batch8_1079.raw,20240803_SIA_Batch8_1079.raw,1051,178,1079,Sample,NA,8,2,1,15:03.6
X20240803_SIA_Batch8_1081.raw,20240803_SIA_Batch8_1081.raw,1052,180,1081,Sample,NA,8,2,1,46:18.6
X20240803_SIA_Batch8_1091.raw,20240803_SIA_Batch8_1091.raw,1058,190,1091,Sample,NA,8,2,1,59:48.8
X20240803_SIA_Batch8_11.raw,20240803_SIA_Batch8_11.raw,915,11,11,Sample,NA,8,2,1,47:28.8
X20240803_SIA_Batch8_1109.raw,20240803_SIA_Batch8_1109.raw,1073,208,1109,Sample,NA,8,2,1,30:23.6
X20240803_SIA_Batch8_1114.raw,20240803_SIA_Batch8_1114.raw,1076,213,1114,Sample,NA,8,2,1,56:15.5
X20240803_SIA_Batch8_1115_2.raw,20240803_SIA_Batch8_1115_2.raw,1161,346,1115.2,Sample,NA,8,2,1,58:38.5
X20240803_SIA_Batch8_1121.raw,20240803_SIA_Batch8_1121.raw,1083,220,1121,Sample,NA,8,2,1,29:11.5
X20240803_SIA_Batch8_1128_2.raw,20240803_SIA_Batch8_1128_2.raw,1171,356,1128.2,Sample,NA,8,2,1,56:50.7
X20240803_SIA_Batch8_1149.raw,20240803_SIA_Batch8_1149.raw,1107,247,1149,Sample,NA,8,2,1,45:06.4
X20240803_SIA_Batch8_1154_2.raw,20240803_SIA_Batch8_1154_2.raw,1189,374,1154.2,Sample,NA,8,2,1,12:42.8
X20240803_SIA_Batch8_1176.raw,20240803_SIA_Batch8_1176.raw,1133,274,1176,Sample,NA,8,2,1,15:39.0
X20240803_SIA_Batch8_19.raw,20240803_SIA_Batch8_19.raw,921,18,19,Sample,NA,8,2,1,43:54.1
X20240803_SIA_Batch8_2013_24.raw,20240803_SIA_Batch8_2013_24.raw,1204,327,2013.24,Sample,NA,8,2,1,31:00.7
X20240803_SIA_Batch8_23.raw,20240803_SIA_Batch8_23.raw,925,22,23,Sample,NA,8,2,1,55:40.3
X20240803_SIA_Batch8_56.raw,20240803_SIA_Batch8_56.raw,949,55,56,Sample,NA,8,2,1,45:41.6
X20240803_SIA_Batch8_64.raw,20240803_SIA_Batch8_64.raw,955,62,64,Sample,NA,8,2,1,13:17.9
X20240803_SIA_Batch8_71.raw,20240803_SIA_Batch8_71.raw,962,69,71,Sample,NA,8,2,1,43:19.2
X20240803_SIA_Batch8_84.raw,20240803_SIA_Batch8_84.raw,971,82,84,Sample,NA,8,2,1,14:28.5
X20240803_SIA_Batch8_87.raw,20240803_SIA_Batch8_87.raw,974,85,87,Sample,NA,8,2,1,44:31.2
X20240803_SIA_Batch8_Control_rep1.raw,20240803_SIA_Batch8_Control_rep1.raw,1215,-1,Blank,QcRep,NA,8,2,1,48:05.7
X20240803_SIA_Batch8_Control_rep2.raw,20240803_SIA_Batch8_Control_rep2.raw,1225,-1,Blank,QcRep,NA,8,2,1,32:11.0
X20240803_SIA_Batch8_Control_rep3.raw,20240803_SIA_Batch8_Control_rep3.raw,1235,-1,Blank,QcRep,NA,8,2,1,16:49.3
X20240803_SIA_Batch8_Control_rep4.raw,20240803_SIA_Batch8_Control_rep4.raw,1245,-1,Blank,QcRep,NA,8,2,1,00:59.2
X20240803_SIA_Batch8_Control_rep5.raw,20240803_SIA_Batch8_Control_rep5.raw,1255,-1,Blank,QcRep,NA,8,2,1,43:54.6
X20240803_SIA_Batch8_H11.raw,20240803_SIA_Batch8_H11.raw,1269,298,H11,Sample,NA,8,2,1,57:26.1
X20240803_SIA_Batch8_H14.raw,20240803_SIA_Batch8_H14.raw,1272,301,H14,Sample,NA,8,2,1,28:36.4
X20240803_SIA_Batch8_H6.raw,20240803_SIA_Batch8_H6.raw,1288,293,H6,Sample,NA,8,2,1,46:53.8
X20240803_SIA_Batch8_NC6.raw,20240803_SIA_Batch8_NC6.raw,1303,386,NC6,Sample,NA,8,2,1,58:01.2
X20240803_SIA_Batch8_NC9.raw,20240803_SIA_Batch8_NC9.raw,1306,389,NC9,Sample,NA,8,2,1,27:59.7
X20240804_SIA_Batch9_1001.raw,20240804_SIA_Batch9_1001.raw,989,101,1001,Sample,NA,9,2,1,39:52.1
X20240804_SIA_Batch9_1024.raw,20240804_SIA_Batch9_1024.raw,1007,124,1024,Sample,NA,9,2,1,55:29.7
X20240804_SIA_Batch9_1028.raw,20240804_SIA_Batch9_1028.raw,1010,128,1028,Sample,NA,9,2,1,42:06.5
X20240804_SIA_Batch9_1029.raw,20240804_SIA_Batch9_1029.raw,1011,129,1029,Sample,NA,9,2,1,11:54.6
X20240804_SIA_Batch9_1044.raw,20240804_SIA_Batch9_1044.raw,1024,144,1044,Sample,NA,9,2,1,43:50.1
X20240804_SIA_Batch9_1058.raw,20240804_SIA_Batch9_1058.raw,1034,157,1058,Sample,NA,9,2,1,28:21.1
X20240804_SIA_Batch9_1059.raw,20240804_SIA_Batch9_1059.raw,1035,158,1059,Sample,NA,9,2,1,16:02.6
X20240804_SIA_Batch9_1061.raw,20240804_SIA_Batch9_1061.raw,1037,160,1061,Sample,NA,9,2,1,11:19.4
X20240804_SIA_Batch9_1063.raw,20240804_SIA_Batch9_1063.raw,1039,162,1063,Sample,NA,9,2,1,12:31.6
X20240804_SIA_Batch9_1096.raw,20240804_SIA_Batch9_1096.raw,1061,195,1096,Sample,NA,9,2,1,41:33.5
X20240804_SIA_Batch9_1116_2.raw,20240804_SIA_Batch9_1116_2.raw,1162,347,1116.2,Sample,NA,9,2,1,57:15.0
X20240804_SIA_Batch9_1120_2.raw,20240804_SIA_Batch9_1120_2.raw,1166,351,1120.2,Sample,NA,9,2,1,29:31.1
X20240804_SIA_Batch9_1124_2.raw,20240804_SIA_Batch9_1124_2.raw,1168,353,1124.2,Sample,NA,9,2,1,43:14.9
X20240804_SIA_Batch9_1138.raw,20240804_SIA_Batch9_1138.raw,1097,236,1138,Sample,NA,9,2,1,28:56.2
X20240804_SIA_Batch9_1152_2.raw,20240804_SIA_Batch9_1152_2.raw,1187,372,1152.2,Sample,NA,9,2,1,58:58.9
X20240804_SIA_Batch9_1155.raw,20240804_SIA_Batch9_1155.raw,1112,253,1155,Sample,NA,9,2,1,56:40.0
X20240804_SIA_Batch9_1158_2.raw,20240804_SIA_Batch9_1158_2.raw,1190,375,1158.2,Sample,NA,9,2,1,30:06.1
X20240804_SIA_Batch9_1163.raw,20240804_SIA_Batch9_1163.raw,1120,261,1163,Sample,NA,9,2,1,13:41.8
X20240804_SIA_Batch9_1164.raw,20240804_SIA_Batch9_1164.raw,1121,262,1164,Sample,NA,9,2,1,40:25.1
X20240804_SIA_Batch9_1174.raw,20240804_SIA_Batch9_1174.raw,1131,272,1174,Sample,NA,9,2,1,14:17.1
X20240804_SIA_Batch9_15.raw,20240804_SIA_Batch9_15.raw,917,14,15,Sample,NA,9,2,1,58:23.5
X20240804_SIA_Batch9_18.raw,20240804_SIA_Batch9_18.raw,920,17,18,Sample,NA,9,2,1,15:29.4
X20240804_SIA_Batch9_25.raw,20240804_SIA_Batch9_25.raw,927,24,25,Sample,NA,9,2,1,27:45.9
X20240804_SIA_Batch9_30.raw,20240804_SIA_Batch9_30.raw,930,29,30,Sample,NA,9,2,1,14:54.3
X20240804_SIA_Batch9_39.raw,20240804_SIA_Batch9_39.raw,936,38,39,Sample,NA,9,2,1,30:41.4
X20240804_SIA_Batch9_61.raw,20240804_SIA_Batch9_61.raw,953,59,61,Sample,NA,9,2,1,40:58.5
X20240804_SIA_Batch9_96.raw,20240804_SIA_Batch9_96.raw,981,94,96,Sample,NA,9,2,1,31:14.8
X20240804_SIA_Batch9_Control_rep1.raw,20240804_SIA_Batch9_Control_rep1.raw,1216,-1,Blank,QcRep,NA,9,2,1,31:49.8
X20240804_SIA_Batch9_Control_rep2.raw,20240804_SIA_Batch9_Control_rep2.raw,1226,-1,Blank,QcRep,NA,9,2,1,16:37.6
X20240804_SIA_Batch9_Control_rep3.raw,20240804_SIA_Batch9_Control_rep3.raw,1236,-1,Blank,QcRep,NA,9,2,1,00:09.1
X20240804_SIA_Batch9_Control_rep4.raw,20240804_SIA_Batch9_Control_rep4.raw,1246,-1,Blank,QcRep,NA,9,2,1,44:25.3
X20240804_SIA_Batch9_Control_rep5.raw,20240804_SIA_Batch9_Control_rep5.raw,1256,-1,Blank,QcRep,NA,9,2,1,28:08.6
X20240804_SIA_Batch9_H18.raw,20240804_SIA_Batch9_H18.raw,1275,305,H18,Sample,NA,9,2,1,57:50.2
X20240804_SIA_Batch9_H7.raw,20240804_SIA_Batch9_H7.raw,1289,294,H7,Sample,NA,9,2,1,56:04.8
X20240804_SIA_Batch9_NC2.raw,20240804_SIA_Batch9_NC2.raw,1298,382,NC2,Sample,NA,9,2,1,13:06.6
X20240804_SIA_Batch9_NC7.raw,20240804_SIA_Batch9_NC7.raw,1304,387,NC7,Sample,NA,9,2,1,42:39.7
X20240806_SIA_Batch10_1017.raw,20240806_SIA_Batch10_1017.raw,1005,117,1017,Sample,NA,10,2,1,41:13.7
X20240806_SIA_Batch10_102.raw,20240806_SIA_Batch10_102.raw,988,100,102,Sample,NA,10,2,1,15:03.9
X20240806_SIA_Batch10_1022.raw,20240806_SIA_Batch10_1022.raw,1006,122,1022,Sample,NA,10,2,1,15:37.2
X20240806_SIA_Batch10_1032.raw,20240806_SIA_Batch10_1032.raw,1015,132,1032,Sample,NA,10,2,1,43:27.9
X20240806_SIA_Batch10_1038.raw,20240806_SIA_Batch10_1038.raw,1020,138,1038,Sample,NA,10,2,1,42:52.8
X20240806_SIA_Batch10_1064.raw,20240806_SIA_Batch10_1064.raw,1040,163,1064,Sample,NA,10,2,1,44:03.1
X20240806_SIA_Batch10_1074.raw,20240806_SIA_Batch10_1074.raw,1048,173,1074,Sample,NA,10,2,1,56:15.7
X20240806_SIA_Batch10_1086.raw,20240806_SIA_Batch10_1086.raw,1055,185,1086,Sample,NA,10,2,1,12:53.2
X20240806_SIA_Batch10_1092.raw,20240806_SIA_Batch10_1092.raw,1059,191,1092,Sample,NA,10,2,1,26:49.1
X20240806_SIA_Batch10_1107_2.raw,20240806_SIA_Batch10_1107_2.raw,1154,339,1107.2,Sample,NA,10,2,1,25:07.7
X20240806_SIA_Batch10_1113_2.raw,20240806_SIA_Batch10_1113_2.raw,1160,345,1113.2,Sample,NA,10,2,1,28:27.9
X20240806_SIA_Batch10_1117_2.raw,20240806_SIA_Batch10_1117_2.raw,1163,348,1117.2,Sample,NA,10,2,1,11:45.0
X20240806_SIA_Batch10_1118.raw,20240806_SIA_Batch10_1118.raw,1080,217,1118,Sample,NA,10,2,1,13:26.5
X20240806_SIA_Batch10_1126_2.raw,20240806_SIA_Batch10_1126_2.raw,1170,355,1126.2,Sample,NA,10,2,1,27:54.8
X20240806_SIA_Batch10_1140.raw,20240806_SIA_Batch10_1140.raw,1099,238,1140,Sample,NA,10,2,1,41:46.8
X20240806_SIA_Batch10_1152.raw,20240806_SIA_Batch10_1152.raw,1109,250,1152,Sample,NA,10,2,1,24:34.5
X20240806_SIA_Batch10_1159.raw,20240806_SIA_Batch10_1159.raw,1116,257,1159,Sample,NA,10,2,1,26:16.0
X20240806_SIA_Batch10_1162_2.raw,20240806_SIA_Batch10_1162_2.raw,1192,377,1162.2,Sample,NA,10,2,1,59:36.5
X20240806_SIA_Batch10_1188.raw,20240806_SIA_Batch10_1188.raw,1145,286,1188,Sample,NA,10,2,1,40:09.5
X20240806_SIA_Batch10_2015_1087.raw,20240806_SIA_Batch10_2015_1087.raw,1056,186,1087,Sample,NA,10,2,1,00:09.5
X20240806_SIA_Batch10_2017_9.raw,20240806_SIA_Batch10_2017_9.raw,1206,329,2017.9,Sample,NA,10,2,1,40:42.6
X20240806_SIA_Batch10_49.raw,20240806_SIA_Batch10_49.raw,943,48,49,Sample,NA,10,2,1,14:32.9
X20240806_SIA_Batch10_55.raw,20240806_SIA_Batch10_55.raw,948,54,55,Sample,NA,10,2,1,42:19.9
X20240806_SIA_Batch10_66.raw,20240806_SIA_Batch10_66.raw,957,64,66,Sample,NA,10,2,1,57:21.9
X20240806_SIA_Batch10_69.raw,20240806_SIA_Batch10_69.raw,960,67,69,Sample,NA,10,2,1,59:01.4
X20240806_SIA_Batch10_70.raw,20240806_SIA_Batch10_70.raw,961,68,70,Sample,NA,10,2,1,27:21.8
X20240806_SIA_Batch10_73.raw,20240806_SIA_Batch10_73.raw,964,71,73,Sample,NA,10,2,1,57:55.0
X20240806_SIA_Batch10_77.raw,20240806_SIA_Batch10_77.raw,967,75,77,Sample,NA,10,2,1,58:28.2
X20240806_SIA_Batch10_Control_rep1.raw,20240806_SIA_Batch10_Control_rep1.raw,1217,-1,Blank,QcRep,NA,10,2,1,16:10.3
X20240806_SIA_Batch10_Control_rep2.raw,20240806_SIA_Batch10_Control_rep2.raw,1227,-1,Blank,QcRep,NA,10,2,1,00:40.6
X20240806_SIA_Batch10_Control_rep3.raw,20240806_SIA_Batch10_Control_rep3.raw,1237,-1,Blank,QcRep,NA,10,2,1,45:09.3
X20240806_SIA_Batch10_Control_rep4.raw,20240806_SIA_Batch10_Control_rep4.raw,1247,-1,Blank,QcRep,NA,10,2,1,29:01.1
X20240806_SIA_Batch10_Control_rep5.raw,20240806_SIA_Batch10_Control_rep5.raw,1257,-1,Blank,QcRep,NA,10,2,1,12:52.8
X20240806_SIA_Batch10_H10.raw,20240806_SIA_Batch10_H10.raw,1268,297,H10,Sample,NA,10,2,1,13:59.8
X20240806_SIA_Batch10_H15.raw,20240806_SIA_Batch10_H15.raw,1273,302,H15,Sample,NA,10,2,1,25:40.9
X20240806_SIA_Batch10_H17.raw,20240806_SIA_Batch10_H17.raw,1274,304,H17,Sample,NA,10,2,1,56:48.8
X20240806_SIA_Batch10_NC19.raw,20240806_SIA_Batch10_NC19.raw,1297,399,NC19,Sample,NA,10,2,1,12:18.1
X20240808_SIA_Batch1_100.raw,20240808_SIA_Batch1_100.raw,985,98,100,Sample,NA,1,2,1,56:52.2
X20240808_SIA_Batch1_1016.raw,20240808_SIA_Batch1_1016.raw,1003,116,1016,Sample,NA,1,2,1,56:19.1
X20240808_SIA_Batch1_1030.raw,20240808_SIA_Batch1_1030.raw,1012,130,1030,Sample,NA,1,2,1,55:45.8
X20240808_SIA_Batch1_1041.raw,20240808_SIA_Batch1_1041.raw,1022,141,1041,Sample,NA,1,2,1,55:12.5
X20240808_SIA_Batch1_1104.raw,20240808_SIA_Batch1_1104.raw,1068,203,1104,Sample,NA,1,2,1,54:39.2
X20240808_SIA_Batch1_1109_2.raw,20240808_SIA_Batch1_1109_2.raw,1156,341,1109.2,Sample,NA,1,2,1,00:14.9
X20240808_SIA_Batch1_2012_7.raw,20240808_SIA_Batch1_2012_7.raw,1203,326,2012.7,Sample,NA,1,2,1,59:39.7
X20240808_SIA_Batch1_33.raw,20240808_SIA_Batch1_33.raw,933,32,33,Sample,NA,1,2,1,59:06.6
X20240808_SIA_Batch1_43.raw,20240808_SIA_Batch1_43.raw,939,42,43,Sample,NA,1,2,1,00:47.9
X20240808_SIA_Batch1_50.raw,20240808_SIA_Batch1_50.raw,944,49,50,Sample,NA,1,2,1,58:31.3
X20240808_SIA_Batch1_9.raw,20240808_SIA_Batch1_9.raw,914,9,9,Sample,NA,1,2,1,01:21.2
X20240808_SIA_Batch1_90.raw,20240808_SIA_Batch1_90.raw,977,88,90,Sample,NA,1,2,1,57:56.4
X20240808_SIA_Batch1_92.raw,20240808_SIA_Batch1_92.raw,978,90,92,Sample,NA,1,2,1,57:23.3
X20240808_SIA_Batch1_NC16.raw,20240808_SIA_Batch1_NC16.raw,1295,396,NC16,Sample,NA,1,2,1,54:06.0
X20240808_SIA_Batch2_36.raw,20240808_SIA_Batch2_36.raw,935,35,36,Sample,NA,1,2,0; low extracted volume,53:42.8
X20240809_SIA_Batch1_100.raw,20240809_SIA_Batch1_100.raw,986,98,100,Sample,NA,1,2,0; replicate_injection,09:53.7
X20240809_SIA_Batch1_1002.raw,20240809_SIA_Batch1_1002.raw,990,102,1002,Sample,NA,1,2,1,48:38.1
X20240809_SIA_Batch1_1003.raw,20240809_SIA_Batch1_1003.raw,991,103,1003,Sample,NA,1,2,1,38:39.0
X20240809_SIA_Batch1_1006.raw,20240809_SIA_Batch1_1006.raw,994,106,1006,Sample,NA,1,2,1,51:00.2
X20240809_SIA_Batch1_1009.raw,20240809_SIA_Batch1_1009.raw,997,109,1009,Sample,NA,1,2,1,50:25.2
X20240809_SIA_Batch1_1016.raw,20240809_SIA_Batch1_1016.raw,1004,116,1016,Sample,NA,1,2,0; replicate_injection,09:18.5
X20240809_SIA_Batch1_1030.raw,20240809_SIA_Batch1_1030.raw,1013,130,1030,Sample,NA,1,2,0; low extracted volume,21:39.3
X20240809_SIA_Batch1_1048.raw,20240809_SIA_Batch1_1048.raw,1027,147,1048,Sample,NA,1,2,1,38:03.7
X20240809_SIA_Batch1_1062.raw,20240809_SIA_Batch1_1062.raw,1038,161,1062,Sample,NA,1,2,1,22:16.5
X20240809_SIA_Batch1_1069.raw,20240809_SIA_Batch1_1069.raw,1043,168,1069,Sample,NA,1,2,1,22:51.5
X20240809_SIA_Batch1_1101.raw,20240809_SIA_Batch1_1101.raw,1066,200,1101,Sample,NA,1,2,1,49:13.2
X20240809_SIA_Batch1_1102.raw,20240809_SIA_Batch1_1102.raw,1067,201,1102,Sample,NA,1,2,1,23:26.5
X20240809_SIA_Batch1_1111_2.raw,20240809_SIA_Batch1_1111_2.raw,1158,343,1111.2,Sample,NA,1,2,1,06:20.5
X20240809_SIA_Batch1_1116.raw,20240809_SIA_Batch1_1116.raw,1078,215,1116,Sample,NA,1,2,1,24:01.8
X20240809_SIA_Batch1_1126.raw,20240809_SIA_Batch1_1126.raw,1087,225,1126,Sample,NA,1,2,1,36:20.6
X20240809_SIA_Batch1_1130.raw,20240809_SIA_Batch1_1130.raw,1091,229,1130,Sample,NA,1,2,1,52:45.4
X20240809_SIA_Batch1_1137_2.raw,20240809_SIA_Batch1_1137_2.raw,1176,361,1137.2,Sample,NA,1,2,1,04:32.9
X20240809_SIA_Batch1_1145_2.raw,20240809_SIA_Batch1_1145_2.raw,1182,367,1145.2,Sample,NA,1,2,1,07:30.7
X20240809_SIA_Batch1_1162.raw,20240809_SIA_Batch1_1162.raw,1119,260,1162,Sample,NA,1,2,1,51:33.4
X20240809_SIA_Batch1_1177.raw,20240809_SIA_Batch1_1177.raw,1134,275,1177,Sample,NA,1,2,1,08:43.1
X20240809_SIA_Batch1_1184.raw,20240809_SIA_Batch1_1184.raw,1141,282,1184,Sample,NA,1,2,1,52:10.3
X20240809_SIA_Batch1_2015_77.raw,20240809_SIA_Batch1_2015_77.raw,1205,328,2015.77,Sample,NA,1,2,1,24:37.0
X20240809_SIA_Batch1_24.raw,20240809_SIA_Batch1_24.raw,926,23,24,Sample,NA,1,2,1,37:28.6
X20240809_SIA_Batch1_5.raw,20240809_SIA_Batch1_5.raw,911,5,5,Sample,NA,1,2,1,05:45.2
X20240809_SIA_Batch1_92.raw,20240809_SIA_Batch1_92.raw,979,90,92,Sample,NA,1,2,1,36:53.5
X20240809_SIA_Batch1_98.raw,20240809_SIA_Batch1_98.raw,983,96,98,Sample,NA,1,2,1,49:48.2
X20240809_SIA_Batch1_Control_rep1.raw,20240809_SIA_Batch1_Control_rep1.raw,1218,-1,Blank,QcRep,NA,1,2,1,39:14.1
X20240809_SIA_Batch1_Control_rep2.raw,20240809_SIA_Batch1_Control_rep2.raw,1228,-1,Blank,QcRep,NA,1,2,1,25:14.4
X20240809_SIA_Batch1_Control_rep3.raw,20240809_SIA_Batch1_Control_rep3.raw,1238,-1,Blank,QcRep,NA,1,2,1,10:28.7
X20240809_SIA_Batch1_Control_rep4.raw,20240809_SIA_Batch1_Control_rep4.raw,1248,-1,Blank,QcRep,NA,1,2,1,53:22.3
X20240809_SIA_Batch1_Control_rep5.raw,20240809_SIA_Batch1_Control_rep5.raw,1258,-1,Blank,QcRep,NA,1,2,1,46:19.4
X20240809_SIA_Batch1_ExtractionBlank_rep2.raw,20240809_SIA_Batch1_ExtractionBlank_rep2.raw,1266,-1,Blank,SamplePrepBlank,NA,1,2,1,46:54.6
X20240809_SIA_Batch1_H21.raw,20240809_SIA_Batch1_H21.raw,1279,308,H21,Sample,NA,1,2,1,05:10.0
X20240809_SIA_Batch1_H22.raw,20240809_SIA_Batch1_H22.raw,1280,309,H22,Sample,NA,1,2,1,06:55.8
X20240809_SIA_Batch1_H25.raw,20240809_SIA_Batch1_H25.raw,1283,312,H25,Sample,NA,1,2,1,48:02.7
X20240809_SIA_Batch1_NC1.raw,20240809_SIA_Batch1_NC1.raw,1291,381,NC1,Sample,NA,1,2,1,08:07.8
